,Gene,Chr,Pos,Strand,DistanceTSS,Strength,Condition
1,FLC2,chr1,34649,+,-371,3.3661971830985915,Ana
2,FLC2,chr1,34649,+,-371,4.750000000000001,Eth
3,FLC2,chr1,34649,+,-371,4.576470588235294,Glu
4,ACS1,chr1,34649,-,-309,3.3661971830985915,Ana
5,ACS1,chr1,34649,-,-309,4.750000000000001,Eth
6,ACS1,chr1,34649,-,-309,4.576470588235294,Glu
7,CLN3,chr1,57571,-,-466,2.4722222222222223,Ana
8,CLN3,chr1,57571,-,-466,15.561475409836065,Eth
9,CLN3,chr1,57571,-,-466,3.605882352941176,Glu
10,CLN3,chr1,57781,-,-676,5.7090163934426235,Eth
11,CYC3,chr1,58282,-,578,2.1188524590163937,Eth
12,CDC19,chr1,60498,+,-487,13.929577464788734,Ana
13,CDC19,chr1,60498,+,-487,31.250000000000004,Eth
14,CDC19,chr1,60498,+,-487,21.25294117647059,Glu
15,CDC19,chr1,60498,+,-487,3.1210045662100456,Nit
16,CDC19,chr1,60692,+,-293,11.845070422535212,Ana
17,CDC19,chr1,60692,+,-293,52.06967213114754,Eth
18,CDC19,chr1,60692,+,-293,21.158823529411762,Glu
19,CDC19,chr1,60692,+,-293,2.7413793103448274,Nit
20,EFB1,chr1,131044,+,-323,2.1126760563380285,Ana
21,EFB1,chr1,131044,+,-323,2.735294117647059,Glu
22,SSA1,chr1,131044,-,-337,2.1126760563380285,Ana
23,SSA1,chr1,131044,-,-337,2.735294117647059,Glu
24,YAT1,chr1,173059,+,-378,6.418032786885246,Eth
25,YAT1,chr1,173242,+,-195,8.090163934426231,Eth
26,CDC6,chr10,57767,+,-315,3.7291666666666665,Ana
27,CDC6,chr10,57767,+,-315,5.7664974619289335,Eth
28,CDC6,chr10,57767,+,-315,5.788571428571428,Glu
29,ELO1,chr10,57767,-,-180,3.7291666666666665,Ana
30,ELO1,chr10,57767,-,-180,5.7664974619289335,Eth
31,ELO1,chr10,57767,-,-180,5.788571428571428,Glu
32,CIS3,chr10,110784,-,975,2.4189189189189184,Ana
33,DAS1,chr10,125702,+,-382,6.0540540540540535,Ana
34,DAS1,chr10,125702,+,-382,3.396039603960396,Eth
35,DAS1,chr10,125702,+,-382,3.6500000000000004,Glu
36,SNA3,chr10,125702,-,-137,6.0540540540540535,Ana
37,SNA3,chr10,125702,-,-137,3.396039603960396,Eth
38,SNA3,chr10,125702,-,-137,3.6500000000000004,Glu
39,LCB3,chr10,146878,+,-28,2.1144578313253013,Glu
40,RPS21B,chr10,146878,-,-822,2.1144578313253013,Glu
41,MRS3,chr10,148946,+,-339,5.0344827586206895,Ana
42,MRS3,chr10,148946,+,-339,3.7766497461928936,Eth
43,MRS3,chr10,148946,+,-339,4.518072289156626,Glu
44,DPI8,chr10,148946,-,-319,5.0344827586206895,Ana
45,DPI8,chr10,148946,-,-319,3.7766497461928936,Eth
46,DPI8,chr10,148946,-,-319,4.518072289156626,Glu
47,ASF1,chr10,184227,+,-732,2.8984771573604062,Eth
48,ASF1,chr10,184227,+,-732,2.0535714285714284,Glu
49,NCA3,chr10,184227,-,-399,2.8984771573604062,Eth
50,NCA3,chr10,184227,-,-399,2.0535714285714284,Glu
51,ASF1,chr10,184526,+,-433,7.000000000000001,Eth
52,ASF1,chr10,184526,+,-433,2.620481927710843,Glu
53,NCA3,chr10,184526,-,-698,7.000000000000001,Eth
54,NCA3,chr10,184526,-,-698,2.620481927710843,Glu
55,LSB6,chr10,219998,+,-476,2.611111111111111,Ana
56,GSH1,chr10,219998,-,-215,2.611111111111111,Ana
57,PRY1,chr10,274370,-,-164,2.1319796954314723,Eth
58,PRY1,chr10,274758,-,-552,2.370558375634518,Eth
59,TDH1,chr10,320986,+,-479,4.486486486486486,Eth
60,TDH1,chr10,320986,+,-479,3.843373493975903,Glu
61,TDH1,chr10,321127,+,-338,10.04054054054054,Ana
62,TDH1,chr10,321127,+,-338,45.42727272727273,Eth
63,TDH1,chr10,321127,+,-338,19.7125748502994,Glu
64,TDH1,chr10,321127,+,-338,4.0108303249097474,Nit
65,UBX6,chr10,332168,-,-251,2.203045685279188,Eth
66,YJL047C-A,chr10,332168,-,480,2.203045685279188,Eth
67,MHP1,chr10,343967,+,-463,2.9441624365482233,Eth
68,RNR2,chr10,374852,+,-748,7.135922330097087,Eth
69,RNR2,chr10,374852,+,-748,2.228915662650602,Glu
70,VPS53,chr10,374852,-,-692,7.135922330097087,Eth
71,VPS53,chr10,374852,-,-692,2.228915662650602,Glu
72,RNR2,chr10,375321,+,-279,2.469135802469136,Ana
73,RNR2,chr10,375321,+,-279,10.047846889952154,Eth
74,RNR2,chr10,375321,+,-279,4.216867469879518,Glu
75,APS3,chr10,379737,-,123,2.08,Ana
76,APS3,chr10,379737,-,123,2.174698795180723,Glu
77,MHO1,chr10,442316,+,-138,4.084507042253521,Eth
78,MHO1,chr10,442316,+,-138,2.6453488372093026,Glu
79,TDH2,chr10,445025,-,-268,5.3125,Ana
80,TDH2,chr10,445025,-,-268,77.525,Eth
81,TDH2,chr10,445025,-,-268,21.165714285714284,Glu
82,TDH2,chr10,445025,-,-268,4.640625,Nit
83,TDH2,chr10,445110,-,-353,9.4375,Ana
84,TDH2,chr10,445110,-,-353,11.806930693069308,Eth
85,TDH2,chr10,445110,-,-353,5.932584269662921,Glu
86,TDH2,chr10,445110,-,-353,2.4371069182389937,Nit
87,TES1,chr10,458662,-,-354,3.4771573604060917,Eth
88,REC107,chr10,458662,-,956,3.4771573604060917,Eth
89,LSM8,chr10,458839,+,-930,6.0152284263959395,Eth
90,TES1,chr10,458839,-,-531,6.0152284263959395,Eth
91,REC107,chr10,458839,-,779,6.0152284263959395,Eth
92,MDE1,chr10,461786,-,-807,2.0812182741116754,Eth
93,BNA1,chr10,461786,-,-81,2.0812182741116754,Eth
94,PTK2,chr10,540525,+,-196,2.4277108433734935,Glu
95,APS2,chr10,540525,-,-306,2.4277108433734935,Glu
96,ADO1,chr10,618126,+,-408,2.0862944162436547,Eth
97,SOD1,chr10,618126,-,-84,2.0862944162436547,Eth
98,YJR115W,chr10,634236,+,-859,2.3783783783783785,Ana
99,YJR115W,chr10,634236,+,-859,5.69377990430622,Eth
100,YJR115W,chr10,634236,+,-859,2.919047619047619,Glu
101,RSM7,chr10,634236,-,-224,2.3783783783783785,Ana
102,RSM7,chr10,634236,-,-224,5.69377990430622,Eth
103,RSM7,chr10,634236,-,-224,2.919047619047619,Glu
104,ATP2,chr10,642084,+,-296,2.0108695652173916,Ana
105,ATP2,chr10,642084,+,-296,2.1323529411764706,Glu
106,IML1,chr10,678548,+,-958,3.6458333333333335,Ana
107,IML1,chr10,678548,+,-958,2.370558375634518,Eth
108,IML1,chr10,678548,+,-958,3.3294797687861273,Glu
109,MET5,chr10,678548,-,-230,3.6458333333333335,Ana
110,MET5,chr10,678548,-,-230,2.370558375634518,Eth
111,MET5,chr10,678548,-,-230,3.3294797687861273,Glu
112,JEN1,chr11,28285,+,-418,2.2531645569620253,Ana
113,JEN1,chr11,28285,+,-418,3.9263565891472867,Eth
114,JEN1,chr11,28285,+,-418,2.0396039603960396,Glu
115,EAP1,chr11,60325,+,138,2.385474860335196,Glu
116,MNN4,chr11,74387,-,-357,3.5611814345991566,Eth
117,MNN4,chr11,74816,-,-786,2.2053231939163496,Eth
118,PTK1,chr11,77175,-,-270,2.5822784810126582,Eth
119,PTK1,chr11,77175,-,-270,3.4245810055865924,Glu
120,FAT3,chr11,98483,-,-457,2.329113924050633,Eth
121,FAT3,chr11,98920,-,-894,2.6160337552742616,Eth
122,MTR2,chr11,98920,-,875,2.6160337552742616,Eth
123,LOT5,chr11,105993,+,963,6.700421940928271,Eth
124,LOT5,chr11,105993,+,963,2.512562814070352,Glu
125,FAS1,chr11,105993,+,-806,6.700421940928271,Eth
126,FAS1,chr11,105993,+,-806,2.512562814070352,Glu
127,GPM1,chr11,171066,-,-222,14.8921568627451,Ana
128,GPM1,chr11,171066,-,-222,54.835443037974684,Eth
129,GPM1,chr11,171066,-,-222,30.54189944134079,Glu
130,GPM1,chr11,171066,-,-222,4.147540983606557,Nit
131,GPM1,chr11,171343,-,-499,2.083798882681564,Glu
132,MCR1,chr11,172496,+,-412,4.578059071729958,Eth
133,MCR1,chr11,172496,+,-412,2.815642458100559,Glu
134,NNR2,chr11,172496,-,-102,4.578059071729958,Eth
135,NNR2,chr11,172496,-,-102,2.815642458100559,Glu
136,CWP2,chr11,265005,+,-524,4.2025316455696204,Eth
137,CWP2,chr11,266509,+,980,2.4008438818565403,Eth
138,CWP1,chr11,266509,+,-900,2.4008438818565403,Eth
139,CWP1,chr11,266764,+,-645,2.0295358649789033,Eth
140,SRX1,chr11,284907,+,690,2.206703910614525,Glu
141,MDH1,chr11,284907,+,-141,2.206703910614525,Glu
142,VMA5,chr11,290904,+,-37,3.3707865168539324,Ana
143,VMA5,chr11,290904,+,-37,2.659217877094972,Glu
144,YKL068W-A,chr11,314891,+,-304,5.9493670886075956,Eth
145,YKL068W-A,chr11,314891,+,-304,2.1195652173913047,Glu
146,FBA1,chr11,333526,-,7,2.978902953586498,Eth
147,FBA1,chr11,333850,-,-317,20.29213483146067,Ana
148,FBA1,chr11,333850,-,-317,155.34177215189874,Eth
149,FBA1,chr11,333850,-,-317,63.56593406593407,Glu
150,FBA1,chr11,333850,-,-317,4.7607052896725435,Nit
151,FBA1,chr11,334161,-,-628,2.632911392405063,Eth
152,MMO1,chr11,361646,+,-849,2.2278481012658227,Eth
153,MMO1,chr11,361646,+,-849,2.1564245810055866,Glu
154,MMO1,chr11,361919,+,-576,3.329113924050633,Ana
155,MMO1,chr11,361919,+,-576,2.2447257383966246,Eth
156,PHD1,chr11,361919,+,-871,3.329113924050633,Ana
157,PHD1,chr11,361919,+,-871,2.2447257383966246,Eth
158,UGP1,chr11,375531,+,-305,2.134078212290503,Glu
159,IXR1,chr11,388203,-,-233,4.346153846153846,Ana
160,IXR1,chr11,388203,-,-233,21.855595667870038,Eth
161,IXR1,chr11,388203,-,-233,8.871508379888269,Glu
162,MAE1,chr11,389945,-,829,3.481049562682216,Eth
163,TFA1,chr11,391039,+,-675,11.120000000000001,Ana
164,TFA1,chr11,391039,+,-675,17.025316455696203,Eth
165,TFA1,chr11,391039,+,-675,6.732323232323233,Glu
166,MAE1,chr11,391039,-,-265,11.120000000000001,Ana
167,MAE1,chr11,391039,-,-265,17.025316455696203,Eth
168,MAE1,chr11,391039,-,-265,6.732323232323233,Glu
169,YKR041W,chr11,523375,+,-745,4.168776371308017,Eth
170,YKR041W,chr11,524251,+,131,2.628691983122363,Eth
171,UTH1,chr11,524251,+,-985,2.628691983122363,Eth
172,YKR041W,chr11,524550,+,430,2.09704641350211,Eth
173,UTH1,chr11,524550,+,-686,2.09704641350211,Eth
174,YCT1,chr12,14497,+,-513,9.045918367346939,Eth
175,YCT1,chr12,14497,+,-513,2.9696969696969697,Glu
176,YCT1,chr12,14816,+,-194,3.25,Eth
177,AQY2,chr12,21742,-,-422,2.0153061224489797,Eth
178,FPS1,chr12,34645,+,-116,2.2,Ana
179,FPS1,chr12,34645,+,-116,3.908163265306122,Eth
180,TPO1,chr12,69203,+,-383,2.6285714285714286,Ana
181,TPO1,chr12,69203,+,-383,6.256281407035177,Eth
182,TPO1,chr12,69203,+,-383,3.56544502617801,Glu
183,IZH3,chr12,172454,-,-80,2.020408163265306,Eth
184,IZH3,chr12,172454,-,-80,2.4545454545454546,Glu
185,IZH3,chr12,172829,-,-455,2.270408163265306,Eth
186,YLR030W,chr12,187997,+,-310,3.0253164556962022,Ana
187,YLR030W,chr12,187997,+,-310,2.586734693877551,Eth
188,YLR030W,chr12,187997,+,-310,2.3393939393939394,Glu
189,RPL15A,chr12,187997,-,-335,3.0253164556962022,Ana
190,RPL15A,chr12,187997,-,-335,2.586734693877551,Eth
191,RPL15A,chr12,187997,-,-335,2.3393939393939394,Glu
192,YLR042C,chr12,210056,-,-428,2.6734693877551017,Eth
193,PDC1,chr12,213386,-,-173,20.51196172248804,Eth
194,PDC1,chr12,213386,-,-173,4.3352272727272725,Glu
195,PDC1,chr12,213647,-,-434,4.871428571428572,Ana
196,PDC1,chr12,213647,-,-434,101.94930875576038,Eth
197,PDC1,chr12,213647,-,-434,21.70689655172414,Glu
198,PDC1,chr12,213647,-,-434,2.5269607843137254,Nit
199,PDC1,chr12,213999,-,-786,4.495098039215686,Eth
200,RPS0B,chr12,221205,+,-97,6.528571428571429,Ana
201,RPS0B,chr12,221205,+,-97,4.457142857142857,Glu
202,RFU1,chr12,260127,-,667,2.637755102040816,Eth
203,YLR112W,chr12,349842,+,80,11.845454545454546,Eth
204,YLR112W,chr12,349842,+,80,7.609467455621302,Glu
205,HOG1,chr12,349842,+,-654,11.845454545454546,Eth
206,HOG1,chr12,349842,+,-654,7.609467455621302,Glu
207,CCW12,chr12,349842,-,-687,11.845454545454546,Eth
208,CCW12,chr12,349842,-,-687,7.609467455621302,Glu
209,YPS3,chr12,369622,-,-312,2.38265306122449,Eth
210,YPS3,chr12,369622,-,-312,2.375757575757576,Glu
211,YPS3,chr12,369783,-,-473,5.6571428571428575,Ana
212,YPS3,chr12,369783,-,-473,4.005102040816326,Eth
213,YPS3,chr12,369783,-,-473,5.1454545454545455,Glu
214,YLR122C,chr12,369783,-,921,5.6571428571428575,Ana
215,YLR122C,chr12,369783,-,921,4.005102040816326,Eth
216,YLR122C,chr12,369783,-,921,5.1454545454545455,Glu
217,RRN5,chr12,403115,+,451,2.193877551020408,Eth
218,RRN5,chr12,403115,+,451,3.515151515151515,Glu
219,SLS1,chr12,403115,-,-248,2.193877551020408,Eth
220,SLS1,chr12,403115,-,-248,3.515151515151515,Glu
221,ACS2,chr12,426840,-,-220,2.175757575757576,Glu
222,RNH203,chr12,426840,-,543,2.175757575757576,Glu
223,UPS2,chr12,460538,-,-337,2.6734693877551017,Eth
224,UPS2,chr12,460538,-,-337,3.7636363636363637,Glu
225,APS1,chr12,460538,-,458,2.6734693877551017,Eth
226,APS1,chr12,460538,-,458,3.7636363636363637,Glu
227,ADY4,chr12,552995,-,-942,2.7448979591836733,Eth
228,THI7,chr12,571672,+,-442,2.012121212121212,Glu
229,BOP2,chr12,637054,+,-302,2.142857142857143,Eth
230,YLR283W,chr12,663863,+,-860,3.790816326530612,Eth
231,YLR278C,chr12,663863,-,-251,3.790816326530612,Eth
232,RSO55,chr12,663863,-,665,3.790816326530612,Eth
233,ATP14,chr12,682419,-,-448,2.2193877551020407,Eth
234,ATP14,chr12,682419,-,-448,3.0000000000000004,Glu
235,EXG1,chr12,688076,+,-335,5.357142857142857,Eth
236,EXG1,chr12,688076,+,-335,2.7932960893854752,Glu
237,HRI1,chr12,690213,+,-136,3.59,Ana
238,HRI1,chr12,690213,+,-136,7.326633165829147,Eth
239,HRI1,chr12,690213,+,-136,4.92018779342723,Glu
240,MET17,chr12,691769,+,-289,2.8079096045197742,Glu
241,CDA2,chr12,706974,+,-460,25.173469387755098,Eth
242,CDA2,chr12,706974,+,-460,4.1502890173410405,Glu
243,YLR307C-A,chr12,706974,-,-243,25.173469387755098,Eth
244,YLR307C-A,chr12,706974,-,-243,4.1502890173410405,Glu
245,NMA1,chr12,743322,+,-920,5.1288888888888895,Eth
246,TMA10,chr12,743322,-,-308,5.1288888888888895,Eth
247,NMA1,chr12,743529,+,-713,3.1780821917808217,Eth
248,TMA10,chr12,743529,-,-515,3.1780821917808217,Eth
249,ORM2,chr12,787707,+,-473,2.515306122448979,Eth
250,DIC1,chr12,787707,-,-299,2.515306122448979,Eth
251,TAL1,chr12,797094,-,-205,2.137755102040816,Eth
252,TAL1,chr12,797094,-,-205,2.254545454545455,Glu
253,TAL1,chr12,797185,-,-296,2.3010204081632653,Eth
254,CAR2,chr12,966035,+,-250,2.397959183673469,Eth
255,CAR2,chr12,966035,+,-250,2.102272727272727,Glu
256,ECM30,chr12,966035,-,-904,2.397959183673469,Eth
257,ECM30,chr12,966035,-,-904,2.102272727272727,Glu
258,DIF1,chr12,966035,-,-116,2.397959183673469,Eth
259,DIF1,chr12,966035,-,-116,2.102272727272727,Glu
260,RPS1A,chr12,972894,-,-128,2.2363636363636363,Glu
261,RPL6B,chr12,982352,+,-286,2.0303030303030303,Glu
262,VMA6,chr12,982352,-,-588,2.0303030303030303,Glu
263,UFO1,chr13,86240,+,-499,2.7658536585365856,Eth
264,UFO1,chr13,86240,+,-499,3.349112426035503,Glu
265,RPM2,chr13,86240,-,-129,2.7658536585365856,Eth
266,RPM2,chr13,86240,-,-129,3.349112426035503,Glu
267,HMG1,chr13,113986,-,-485,6.253731343283582,Eth
268,HMG1,chr13,113986,-,-485,2.593582887700535,Glu
269,CYB2,chr13,162194,-,-370,10.84736842105263,Eth
270,CYB2,chr13,162194,-,-370,6.5,Glu
271,HXT2,chr13,270151,+,-651,2.417910447761194,Eth
272,ERG5,chr13,285761,-,-460,3.2760416666666665,Eth
273,SOK2,chr13,289189,-,-610,2.968421052631579,Eth
274,SOK2,chr13,289460,-,-881,3.2421052631578946,Eth
275,SOK2,chr13,289460,-,-881,2.134502923976608,Glu
276,FMS1,chr13,297959,+,-143,2.1249999999999996,Glu
277,MSN2,chr13,330199,-,-487,4.416243654822336,Eth
278,MSN2,chr13,330199,-,-487,2.696428571428571,Glu
279,CCS1,chr13,330199,-,853,4.416243654822336,Eth
280,CCS1,chr13,330199,-,853,2.696428571428571,Glu
281,YET2,chr13,332836,+,-303,2.5535714285714284,Glu
282,SUB1,chr13,332836,-,-452,2.5535714285714284,Glu
283,ISF1,chr13,403016,-,-578,11.680365296803654,Eth
284,ISF1,chr13,403139,-,-701,9.962790697674418,Eth
285,ISF1,chr13,403139,-,-701,4.952127659574468,Glu
286,ADH3,chr13,405647,+,-315,3.565789473684211,Ana
287,ADH3,chr13,405647,+,-315,11.251162790697675,Eth
288,ADH3,chr13,405647,+,-315,3.426315789473684,Glu
289,SPG4,chr13,454248,+,-275,3.9578947368421056,Eth
290,SPG4,chr13,454248,+,-275,3.6779661016949152,Glu
291,NCW1,chr13,489316,+,583,2.931506849315068,Ana
292,NCW1,chr13,489316,+,583,2.0208333333333335,Eth
293,NCW1,chr13,489316,+,583,2.3550295857988166,Glu
294,GAT2,chr13,518074,+,-458,2.164383561643836,Ana
295,GAT2,chr13,518074,+,-458,3.2578947368421054,Eth
296,GID8,chr13,518074,-,-534,2.164383561643836,Ana
297,GID8,chr13,518074,-,-534,3.2578947368421054,Eth
298,NDE1,chr13,534352,-,-217,3.0,Eth
299,MSS11,chr13,567070,-,17,2.110526315789474,Eth
300,CEP3,chr13,576620,-,-20,2.182795698924731,Glu
301,ICY1,chr13,630594,+,-753,2.081632653061224,Ana
302,ICY1,chr13,630594,+,-753,3.5767441860465117,Eth
303,ICY1,chr13,630594,+,-753,2.044692737430168,Glu
304,CMC4,chr13,630594,-,-291,2.081632653061224,Ana
305,CMC4,chr13,630594,-,-291,3.5767441860465117,Eth
306,CMC4,chr13,630594,-,-291,2.044692737430168,Glu
307,ICY1,chr13,632031,+,684,3.072916666666667,Ana
308,ICY1,chr13,632031,+,684,2.8778280542986425,Eth
309,ICY1,chr13,632031,+,684,4.622857142857143,Glu
310,YMR196W,chr13,632031,+,-383,3.072916666666667,Ana
311,YMR196W,chr13,632031,+,-383,2.8778280542986425,Eth
312,YMR196W,chr13,632031,+,-383,4.622857142857143,Glu
313,YMR206W,chr13,652489,+,-649,12.165876777251183,Eth
314,YMR206W,chr13,652489,+,-649,3.9293478260869565,Glu
315,PFK2,chr13,652489,-,-266,12.165876777251183,Eth
316,PFK2,chr13,652489,-,-266,3.9293478260869565,Glu
317,YMR206W,chr13,652636,+,-502,8.010526315789473,Ana
318,YMR206W,chr13,652636,+,-502,38.286407766990294,Eth
319,YMR206W,chr13,652636,+,-502,20.016393442622952,Glu
320,YMR206W,chr13,652636,+,-502,2.451178451178451,Nit
321,PFK2,chr13,652636,-,-413,8.010526315789473,Ana
322,PFK2,chr13,652636,-,-413,38.286407766990294,Eth
323,PFK2,chr13,652636,-,-413,20.016393442622952,Glu
324,PFK2,chr13,652636,-,-413,2.451178451178451,Nit
325,YHM2,chr13,728934,+,-259,3.0,Eth
326,CUS1,chr13,728934,-,-258,3.0,Eth
327,FAA4,chr13,736494,+,-657,2.7710280373831777,Eth
328,FAA4,chr13,736494,+,-657,2.120879120879121,Glu
329,COA6,chr13,736494,-,-267,2.7710280373831777,Eth
330,COA6,chr13,736494,-,-267,2.120879120879121,Glu
331,HOR7,chr13,750921,+,-730,4.383561643835616,Ana
332,HOR7,chr13,750921,+,-730,8.547368421052632,Eth
333,HOR7,chr13,750921,+,-730,8.047058823529412,Glu
334,HOR7,chr13,751299,+,-352,4.368421052631579,Eth
335,GFD1,chr13,754786,+,-97,2.3733333333333335,Ana
336,GFD1,chr13,754786,+,-97,2.196428571428571,Glu
337,YMR253C,chr13,754786,-,-605,2.3733333333333335,Ana
338,YMR253C,chr13,754786,-,-605,2.196428571428571,Glu
339,RSN1,chr13,775057,+,-381,3.5578947368421048,Eth
340,RSN1,chr13,775057,+,-381,2.422619047619048,Glu
341,YMR265C,chr13,775057,-,-213,3.5578947368421048,Eth
342,YMR265C,chr13,775057,-,-213,2.422619047619048,Glu
343,TDA1,chr13,829131,+,-290,3.4894736842105263,Eth
344,TDA1,chr13,829131,+,-290,3.1130952380952377,Glu
345,HAS1,chr13,829131,-,-646,3.4894736842105263,Eth
346,HAS1,chr13,829131,-,-646,3.1130952380952377,Glu
347,ATM1,chr13,846644,-,-102,2.964285714285714,Glu
348,UBP15,chr13,851511,+,-119,5.420560747663552,Eth
349,UBP15,chr13,851511,+,-119,2.6136363636363633,Glu
350,ADH2,chr13,851511,-,-256,5.420560747663552,Eth
351,ADH2,chr13,851511,-,-256,2.6136363636363633,Glu
352,TOS6,chr14,55099,+,-691,2.848314606741573,Eth
353,RPL18B,chr14,55099,-,-375,2.848314606741573,Eth
354,PCL1,chr14,77587,+,-367,3.125,Ana
355,PCL1,chr14,77587,+,-367,2.7826086956521734,Glu
356,MET2,chr14,106736,+,-439,2.0674157303370784,Eth
357,MET2,chr14,106930,+,-245,2.388888888888889,Ana
358,MET2,chr14,106930,+,-245,2.1741573033707864,Eth
359,MET2,chr14,106930,+,-245,2.429347826086957,Glu
360,ZWF1,chr14,187795,-,150,8.353932584269662,Eth
361,ZWF1,chr14,187795,-,150,4.215116279069767,Glu
362,ZWF1,chr14,188361,-,-416,3.148936170212766,Eth
363,ZWF1,chr14,188361,-,-416,2.4202127659574466,Glu
364,LAP3,chr14,190281,+,-163,2.4861111111111107,Ana
365,LAP3,chr14,190281,+,-163,3.5617977528089884,Eth
366,NAR1,chr14,190281,-,-347,2.4861111111111107,Ana
367,NAR1,chr14,190281,-,-347,3.5617977528089884,Eth
368,CSL4,chr14,204722,+,-83,2.3417721518987342,Ana
369,CSL4,chr14,204722,+,-83,2.0614525139664805,Glu
370,ADE12,chr14,223973,+,-253,8.230769230769232,Ana
371,ADE12,chr14,223973,+,-253,18.690721649484537,Eth
372,ADE12,chr14,223973,+,-253,8.49090909090909,Glu
373,POP1,chr14,223973,-,-292,8.230769230769232,Ana
374,POP1,chr14,223973,-,-292,18.690721649484537,Eth
375,POP1,chr14,223973,-,-292,8.49090909090909,Glu
376,PPN2,chr14,230976,+,768,2.2222222222222223,Ana
377,RAP1,chr14,230976,+,-577,2.2222222222222223,Ana
378,YNL190W,chr14,271767,+,-309,2.1277777777777778,Eth
379,RPS3,chr14,291705,+,-850,4.79295154185022,Eth
380,RPS3,chr14,291705,+,-850,2.445,Glu
381,RHO5,chr14,291705,-,-974,4.79295154185022,Eth
382,RHO5,chr14,291705,-,-974,2.445,Glu
383,RPS3,chr14,291934,+,-621,2.118279569892473,Ana
384,RPS3,chr14,291934,+,-621,6.384279475982533,Eth
385,RPS3,chr14,291934,+,-621,5.566844919786096,Glu
386,LSM7,chr14,340000,+,-747,2.7904761904761903,Eth
387,LSM7,chr14,340000,+,-747,2.3012048192771086,Glu
388,PGA2,chr14,340000,-,-342,2.7904761904761903,Eth
389,PGA2,chr14,340000,-,-342,2.3012048192771086,Glu
390,ALF1,chr14,340000,-,566,2.7904761904761903,Eth
391,ALF1,chr14,340000,-,566,2.3012048192771086,Glu
392,YAF9,chr14,409732,+,-97,2.635294117647059,Ana
393,YAF9,chr14,409732,+,-97,2.7157894736842105,Eth
394,YAF9,chr14,409732,+,-97,5.527272727272727,Glu
395,YNL108C,chr14,409732,-,-92,2.635294117647059,Ana
396,YNL108C,chr14,409732,-,-92,2.7157894736842105,Eth
397,YNL108C,chr14,409732,-,-92,5.527272727272727,Glu
398,AVT4,chr14,424544,+,-35,2.0280898876404496,Eth
399,AVT4,chr14,424544,+,-35,2.059171597633136,Glu
400,RAS2,chr14,430754,-,-358,2.0270270270270268,Ana
401,RAS2,chr14,430754,-,-358,5.280898876404494,Eth
402,RAS2,chr14,430754,-,-358,2.5748502994011977,Glu
403,RPS7B,chr14,434249,-,-135,5.289156626506023,Ana
404,RPS7B,chr14,434249,-,-135,2.353932584269663,Eth
405,RPS7B,chr14,434249,-,-135,4.714285714285714,Glu
406,POR1,chr14,508677,-,-75,2.303370786516854,Eth
407,POR1,chr14,509436,-,-834,5.236111111111112,Ana
408,POR1,chr14,509436,-,-834,6.657303370786517,Eth
409,POR1,chr14,509436,-,-834,2.3788819875776395,Glu
410,NCE103,chr14,549212,+,-263,2.431578947368421,Ana
411,IDH1,chr14,549212,-,-393,2.431578947368421,Ana
412,HHF2,chr14,565927,+,-477,2.043269230769231,Eth
413,HHT2,chr14,565927,-,-154,2.043269230769231,Eth
414,PBI2,chr14,594523,+,-515,2.189873417721519,Ana
415,PBI2,chr14,594523,+,-515,4.162280701754386,Eth
416,PBI2,chr14,594523,+,-515,3.5155279503105588,Glu
417,YNR014W,chr14,641342,+,-764,2.6027397260273974,Ana
418,PHO91,chr14,641342,-,100,2.6027397260273974,Ana
419,YNR014W,chr14,641746,+,-360,3.8666666666666667,Ana
420,YNR014W,chr14,641746,+,-360,2.8089887640449436,Eth
421,YNR014W,chr14,641746,+,-360,3.540372670807453,Glu
422,PHO91,chr14,641746,-,-304,3.8666666666666667,Ana
423,PHO91,chr14,641746,-,-304,2.8089887640449436,Eth
424,PHO91,chr14,641746,-,-304,3.540372670807453,Glu
425,TIM23,chr14,652022,+,-386,4.49238578680203,Eth
426,ACC1,chr14,652022,-,-422,4.49238578680203,Eth
427,EGO4,chr14,681692,+,-475,4.325842696629214,Eth
428,EGO4,chr14,681692,+,-475,3.4104046242774566,Glu
429,CSS3,chr15,16964,-,754,2.4285714285714284,Ana
430,CSS3,chr15,16964,-,754,2.4425287356321843,Glu
431,SHR5,chr15,109471,+,380,2.880952380952381,Ana
432,SHR5,chr15,109471,+,380,11.351598173515983,Eth
433,SHR5,chr15,109471,+,380,4.971264367816092,Glu
434,ZEO1,chr15,109471,+,-697,2.880952380952381,Ana
435,ZEO1,chr15,109471,+,-697,11.351598173515983,Eth
436,ZEO1,chr15,109471,+,-697,4.971264367816092,Glu
437,MDY2,chr15,109471,-,-599,2.880952380952381,Ana
438,MDY2,chr15,109471,-,-599,11.351598173515983,Eth
439,MDY2,chr15,109471,-,-599,4.971264367816092,Glu
440,SHR5,chr15,109699,+,608,11.525114155251142,Eth
441,ZEO1,chr15,109699,+,-469,11.525114155251142,Eth
442,MDY2,chr15,109699,-,-827,11.525114155251142,Eth
443,ADH1,chr15,154939,-,-317,13.518987341772151,Ana
444,ADH1,chr15,154939,-,-317,34.59817351598174,Eth
445,ADH1,chr15,154939,-,-317,12.540229885057471,Glu
446,ADH1,chr15,154939,-,-317,3.9584775086505193,Nit
447,ADH1,chr15,155113,-,-491,2.623376623376623,Ana
448,ADH1,chr15,155113,-,-491,6.49771689497717,Eth
449,ADH1,chr15,155113,-,-491,2.7885714285714283,Glu
450,PHM7,chr15,155715,+,-529,7.721461187214612,Eth
451,PHM7,chr15,155715,+,-529,2.2222222222222223,Glu
452,PHM7,chr15,155892,+,-352,7.118721461187215,Eth
453,GPD2,chr15,210505,+,-604,5.228310502283105,Eth
454,GPD2,chr15,210505,+,-604,4.97191011235955,Glu
455,MAM3,chr15,210505,-,-331,5.228310502283105,Eth
456,MAM3,chr15,210505,-,-331,4.97191011235955,Glu
457,GPD2,chr15,210588,+,-521,7.032608695652175,Ana
458,GPD2,chr15,210588,+,-521,54.61187214611873,Eth
459,GPD2,chr15,210588,+,-521,17.45810055865922,Glu
460,MAM3,chr15,210588,-,-414,7.032608695652175,Ana
461,MAM3,chr15,210588,-,-414,54.61187214611873,Eth
462,MAM3,chr15,210588,-,-414,17.45810055865922,Glu
463,GPD2,chr15,210675,+,-434,7.465753424657534,Eth
464,MAM3,chr15,210675,-,-501,7.465753424657534,Eth
465,AIM39,chr15,224026,+,-99,2.4578313253012043,Ana
466,AIM39,chr15,224026,+,-99,2.1684782608695654,Glu
467,PLB3,chr15,304489,+,-691,3.520408163265306,Ana
468,PLB3,chr15,304489,+,-691,4.127853881278539,Eth
469,PLB3,chr15,304489,+,-691,4.446236559139785,Glu
470,HTZ1,chr15,304489,-,-541,3.520408163265306,Ana
471,HTZ1,chr15,304489,-,-541,4.127853881278539,Eth
472,HTZ1,chr15,304489,-,-541,4.446236559139785,Glu
473,HMS1,chr15,391580,-,-646,2.3749999999999996,Ana
474,HMS1,chr15,391580,-,-646,2.54337899543379,Eth
475,VHS3,chr15,429932,-,-26,2.2337662337662336,Eth
476,VHS3,chr15,429932,-,-26,2.1136363636363638,Glu
477,VHS3,chr15,430096,-,-190,6.863013698630138,Eth
478,VHS3,chr15,430096,-,-190,2.603448275862069,Glu
479,ECM3,chr15,494470,+,-359,4.337209302325581,Ana
480,ECM3,chr15,494470,+,-359,2.666666666666667,Eth
481,ECM3,chr15,494470,+,-359,3.5977011494252875,Glu
482,PDR5,chr15,613799,+,-231,2.8076923076923075,Ana
483,PDR5,chr15,613799,+,-231,2.031963470319635,Eth
484,PDR5,chr15,613799,+,-231,2.4482758620689657,Glu
485,ATG40,chr15,613799,-,-989,2.8076923076923075,Ana
486,ATG40,chr15,613799,-,-989,2.031963470319635,Eth
487,ATG40,chr15,613799,-,-989,2.4482758620689657,Glu
488,PNS1,chr15,633597,-,-556,5.648401826484019,Eth
489,PNS1,chr15,633597,-,-556,3.1295336787564767,Glu
490,GAC1,chr15,665245,-,-293,2.8219178082191783,Eth
491,GAC1,chr15,665393,-,-441,24.894977168949776,Eth
492,GAC1,chr15,665393,-,-441,5.275675675675675,Glu
493,SER1,chr15,673471,+,-178,2.5324675324675323,Ana
494,SER1,chr15,673471,+,-178,3.4827586206896557,Glu
495,RPS30B,chr15,673471,-,-316,2.5324675324675323,Ana
496,RPS30B,chr15,673471,-,-316,3.4827586206896557,Glu
497,ULS1,chr15,686563,+,-168,2.155844155844156,Ana
498,ULS1,chr15,686563,+,-168,2.4520547945205484,Eth
499,ULS1,chr15,686563,+,-168,2.7011494252873565,Glu
500,PEX27,chr15,703861,+,-869,3.0129870129870127,Ana
501,PEX27,chr15,703861,+,-869,6.963470319634704,Eth
502,PEX27,chr15,703861,+,-869,2.35632183908046,Glu
503,PEX27,chr15,703884,+,-846,4.224137931034483,Glu
504,WTM1,chr15,764616,+,-464,6.3896103896103895,Ana
505,WTM1,chr15,764616,+,-464,8.547945205479452,Eth
506,WTM1,chr15,764616,+,-464,6.147368421052631,Glu
507,PAC1,chr15,820143,+,-494,2.5714285714285716,Ana
508,PAC1,chr15,820143,+,-494,2.2100456621004567,Eth
509,HRK1,chr15,820143,-,-534,2.5714285714285716,Ana
510,HRK1,chr15,820143,-,-534,2.2100456621004567,Eth
511,VPH1,chr15,825221,-,-148,2.2666666666666666,Ana
512,VPH1,chr15,825221,-,-148,2.5956284153005464,Glu
513,MOD5,chr15,831576,+,-426,2.182648401826484,Eth
514,TPO4,chr15,831576,-,-199,2.182648401826484,Eth
515,BUD7,chr15,872518,+,-167,3.4935064935064934,Ana
516,BUD7,chr15,872518,+,-167,2.0804597701149428,Glu
517,MBF1,chr15,872518,-,-443,3.4935064935064934,Ana
518,MBF1,chr15,872518,-,-443,2.0804597701149428,Glu
519,RAX1,chr15,876262,+,987,3.2876712328767126,Eth
520,CPA1,chr15,876262,+,-726,3.2876712328767126,Eth
521,CPA1,chr15,876652,+,-336,7.766233766233766,Ana
522,CPA1,chr15,876652,+,-336,31.652968036529685,Eth
523,CPA1,chr15,876652,+,-336,10.920903954802261,Glu
524,HSH49,chr15,906366,+,-750,4.052083333333333,Ana
525,HSH49,chr15,906366,+,-750,16.49771689497717,Eth
526,HSH49,chr15,906366,+,-750,3.465,Glu
527,HSH49,chr15,906588,+,-528,3.0842105263157897,Ana
528,HSH49,chr15,906588,+,-528,22.602739726027398,Eth
529,HSH49,chr15,906588,+,-528,4.024390243902439,Glu
530,HSH49,chr15,906731,+,-385,7.570776255707764,Eth
531,YOR342C,chr15,962699,-,-685,2.91324200913242,Eth
532,TYE7,chr15,973258,-,-790,7.468085106382978,Eth
533,PYK2,chr15,981354,-,-526,2.0091324200913245,Eth
534,PYK2,chr15,981802,-,-974,7.587155963302752,Ana
535,PYK2,chr15,981802,-,-974,16.3013698630137,Eth
536,PYK2,chr15,981802,-,-974,6.793103448275863,Glu
537,PUT4,chr15,982145,-,919,2.5114155251141552,Eth
538,PUT4,chr15,982541,-,523,2.5555555555555554,Ana
539,PUT4,chr15,982541,-,523,6.255707762557078,Eth
540,PUT4,chr15,982541,-,523,2.3163841807909606,Glu
541,PUT4,chr15,982989,-,75,3.4805194805194803,Ana
542,PUT4,chr15,982989,-,75,3.264840182648402,Eth
543,PUT4,chr15,982989,-,75,3.758620689655173,Glu
544,PUT4,chr15,983665,-,-601,8.639269406392694,Eth
545,PUT4,chr15,983665,-,-601,3.505747126436782,Glu
546,ALD4,chr15,1033503,+,-534,2.6753246753246755,Ana
547,ALD4,chr15,1033503,+,-534,17.875,Eth
548,ALD4,chr15,1033503,+,-534,4.928571428571428,Glu
549,ALD4,chr15,1033754,+,-283,12.75187969924812,Eth
550,ALD4,chr15,1033754,+,-283,3.4372294372294374,Glu
551,ALD4,chr15,1033898,+,-139,2.446096654275093,Eth
552,GDH1,chr15,1037594,-,-239,2.3689320388349513,Ana
553,GDH1,chr15,1037594,-,-239,4.565543071161049,Eth
554,GDH1,chr15,1037594,-,-239,2.8177966101694913,Glu
555,ATG41,chr16,83826,-,-300,2.305263157894737,Ana
556,ATG41,chr16,83826,-,-300,7.630901287553648,Eth
557,ATG41,chr16,83826,-,-300,3.1447963800904977,Glu
558,FMP40,chr16,138404,+,-459,12.476394849785407,Eth
559,FMP40,chr16,138404,+,-459,4.245508982035929,Glu
560,GRE1,chr16,138404,-,-484,12.476394849785407,Eth
561,GRE1,chr16,138404,-,-484,4.245508982035929,Glu
562,FMP40,chr16,138722,+,-141,9.863636363636363,Eth
563,FMP40,chr16,138722,+,-141,4.796407185628742,Glu
564,GRE1,chr16,138722,-,-802,9.863636363636363,Eth
565,GRE1,chr16,138722,-,-802,4.796407185628742,Glu
566,FLC1,chr16,141412,+,-133,2.055555555555556,Eth
567,CUP9,chr16,222955,-,-342,2.651960784313726,Eth
568,PRM4,chr16,265723,-,-387,2.3585858585858586,Eth
569,ISU1,chr16,305276,+,-531,2.51010101010101,Eth
570,GIP3,chr16,305276,-,-249,2.51010101010101,Eth
571,CAR1,chr16,348867,+,651,7.59040590405904,Eth
572,CAR1,chr16,349167,+,951,3.1333333333333333,Eth
573,YPL088W,chr16,389859,+,-410,3.4210526315789473,Ana
574,YPL088W,chr16,389859,+,-410,3.7929292929292924,Eth
575,YPL088W,chr16,389859,+,-410,6.199999999999999,Glu
576,RLM1,chr16,389859,-,-123,3.4210526315789473,Ana
577,RLM1,chr16,389859,-,-123,3.7929292929292924,Eth
578,RLM1,chr16,389859,-,-123,6.199999999999999,Glu
579,YDC1,chr16,391382,+,-235,2.091891891891892,Glu
580,GCR1,chr16,419857,+,-475,2.515151515151515,Eth
581,GCR1,chr16,419924,+,-408,2.792929292929293,Eth
582,GCR1,chr16,420302,+,-30,8.5,Ana
583,GCR1,chr16,420302,+,-30,34.27777777777778,Eth
584,GCR1,chr16,420302,+,-30,17.712574850299404,Glu
585,GCR1,chr16,420302,+,-30,3.6793650793650796,Nit
586,RGL1,chr16,433487,+,-705,5.128205128205129,Ana
587,RGL1,chr16,433487,+,-705,3.51010101010101,Eth
588,RGL1,chr16,433487,+,-705,4.592814371257486,Glu
589,YPL068C,chr16,433487,-,-174,5.128205128205129,Ana
590,YPL068C,chr16,433487,-,-174,3.51010101010101,Eth
591,YPL068C,chr16,433487,-,-174,4.592814371257486,Glu
592,HTC1,chr16,433487,-,562,5.128205128205129,Ana
593,HTC1,chr16,433487,-,562,3.51010101010101,Eth
594,HTC1,chr16,433487,-,562,4.592814371257486,Glu
595,ALD6,chr16,440098,+,-591,7.390134529147982,Eth
596,ALD6,chr16,440098,+,-591,2.197604790419162,Glu
597,ALD6,chr16,440476,+,-213,2.051063829787234,Eth
598,SUR1,chr16,461834,-,-523,2.1568627450980395,Ana
599,SUR1,chr16,461834,-,-523,7.0588235294117645,Eth
600,SUR1,chr16,461834,-,-523,2.3039215686274512,Glu
601,PMA2,chr16,490465,+,-467,3.2822966507177034,Eth
602,PMA2,chr16,490465,+,-467,2.3989071038251364,Glu
603,EGD1,chr16,490465,-,-310,3.2822966507177034,Eth
604,EGD1,chr16,490465,-,-310,2.3989071038251364,Glu
605,RMI1,chr16,510643,+,-989,2.4,Eth
606,SKS1,chr16,510643,-,-203,2.4,Eth
607,RMI1,chr16,511003,+,-629,6.455696202531645,Ana
608,RMI1,chr16,511003,+,-629,24.730290456431533,Eth
609,RMI1,chr16,511003,+,-629,9.71830985915493,Glu
610,SKS1,chr16,511003,-,-563,6.455696202531645,Ana
611,SKS1,chr16,511003,-,-563,24.730290456431533,Eth
612,SKS1,chr16,511003,-,-563,9.71830985915493,Glu
613,IRC15,chr16,528469,-,-90,2.055555555555556,Eth
614,IRC15,chr16,528825,-,-446,2.398989898989899,Eth
615,HAA1,chr16,580675,+,-217,3.666666666666666,Eth
616,CMR3,chr16,594425,-,-533,5.082352941176471,Ana
617,CMR3,chr16,594425,-,-533,20.791469194312793,Eth
618,CMR3,chr16,594425,-,-533,5.629107981220657,Glu
619,YME1,chr16,618413,+,-53,2.439393939393939,Eth
620,EAF3,chr16,618413,-,-173,2.439393939393939,Eth
621,ATH1,chr16,623165,+,-375,2.1515151515151514,Eth
622,CCL1,chr16,623165,-,-418,2.1515151515151514,Eth
623,YOP1,chr16,631050,+,-597,2.076923076923077,Ana
624,YOP1,chr16,631050,+,-597,2.360655737704918,Glu
625,GLN1,chr16,649932,+,-316,2.585858585858586,Eth
626,SPO24,chr16,653278,+,-754,3.0959595959595956,Eth
627,SPO24,chr16,653278,+,-754,2.1837837837837837,Glu
628,ROX1,chr16,687275,+,-507,2.8918918918918917,Ana
629,ROX1,chr16,687275,+,-507,4.787878787878787,Eth
630,ROX1,chr16,687275,+,-507,3.1077844311377247,Glu
631,YPR063C,chr16,687275,-,-783,2.8918918918918917,Ana
632,YPR063C,chr16,687275,-,-783,4.787878787878787,Eth
633,YPR063C,chr16,687275,-,-783,3.1077844311377247,Glu
634,NOT5,chr16,698006,+,-134,2.7297297297297294,Ana
635,NOT5,chr16,698006,+,-134,3.1736526946107784,Glu
636,MRPL51,chr16,737371,+,-518,2.1666666666666665,Eth
637,TMH18,chr16,737371,-,292,2.1666666666666665,Eth
638,RGC1,chr16,762626,+,-169,2.927710843373494,Ana
639,RGC1,chr16,762626,+,-169,2.887640449438202,Glu
640,CLB5,chr16,783650,-,-233,3.432432432432432,Ana
641,SUE1,chr16,840126,-,-238,2.364864864864865,Eth
642,SUE1,chr16,840126,-,-238,2.150943396226415,Glu
643,MAY24,chr16,841122,+,-628,2.0270270270270268,Ana
644,MAY24,chr16,841122,+,-628,2.1256544502617802,Glu
645,URN1,chr16,841122,-,467,2.0270270270270268,Ana
646,URN1,chr16,841122,-,467,2.1256544502617802,Glu
647,GPH1,chr16,862940,+,-370,3.6363636363636362,Eth
648,BOI1,chr2,63822,+,-159,2.2972972972972974,Ana
649,BOI1,chr2,63822,+,-159,2.411764705882353,Glu
650,YBL086C,chr2,63822,-,-843,2.2972972972972974,Ana
651,YBL086C,chr2,63822,-,-843,2.411764705882353,Glu
652,ECM13,chr2,136362,+,-473,2.248520710059172,Glu
653,COR1,chr2,136362,-,-376,2.248520710059172,Glu
654,PRE7,chr2,140882,+,-590,2.459459459459459,Ana
655,FUI1,chr2,140882,-,-306,2.459459459459459,Ana
656,YBL036C,chr2,151496,-,-20,2.5135135135135136,Ana
657,YBL029W,chr2,165447,+,-882,2.6534653465346536,Eth
658,YBL029W,chr2,165447,+,-882,3.112426035502959,Glu
659,YBL029C-A,chr2,165447,-,-338,2.6534653465346536,Eth
660,YBL029C-A,chr2,165447,-,-338,3.112426035502959,Glu
661,YBL029W,chr2,165639,+,-690,3.202020202020202,Eth
662,YBL029C-A,chr2,165639,-,-530,3.202020202020202,Eth
663,FUS3,chr2,192129,+,-507,3.9,Ana
664,FUS3,chr2,192129,+,-507,5.647668393782383,Eth
665,FUS3,chr2,192129,+,-507,2.6310679611650487,Glu
666,PEP1,chr2,192129,-,-125,3.9,Ana
667,PEP1,chr2,192129,-,-125,5.647668393782383,Eth
668,PEP1,chr2,192129,-,-125,2.6310679611650487,Glu
669,ACH1,chr2,193883,+,-373,3.5125,Ana
670,ACH1,chr2,193883,+,-373,5.231527093596059,Eth
671,ACH1,chr2,193883,+,-373,3.754010695187166,Glu
672,ACH1,chr2,194023,+,-233,2.0096153846153846,Eth
673,HTB2,chr2,231839,+,-266,2.505747126436782,Ana
674,HTB2,chr2,231839,+,-266,3.3085106382978724,Eth
675,HTB2,chr2,231839,+,-266,3.2307692307692313,Glu
676,HTA2,chr2,231839,-,-383,2.505747126436782,Ana
677,HTA2,chr2,231839,-,-383,3.3085106382978724,Eth
678,HTA2,chr2,231839,-,-383,3.2307692307692313,Glu
679,IPP1,chr2,253780,-,-138,2.2880434782608696,Glu
680,YRO2,chr2,331852,+,-581,2.1975806451612905,Eth
681,YRO2,chr2,331852,+,-581,2.0159574468085104,Glu
682,NRG2,chr2,360638,-,-249,2.127659574468085,Eth
683,NRG2,chr2,361175,-,-786,4.507317073170732,Eth
684,TIP1,chr2,362841,-,-421,8.329787234042552,Eth
685,TIP1,chr2,362841,-,-421,4.572916666666667,Glu
686,TIP1,chr2,363045,-,-625,3.4787234042553195,Eth
687,HSP26,chr2,371118,+,-472,2.8191489361702127,Eth
688,ECM33,chr2,383001,+,432,2.1155555555555554,Eth
689,ECM33,chr2,383001,+,432,3.2473684210526317,Glu
690,UBC4,chr2,397079,-,-211,2.527027027027027,Eth
691,TEC1,chr2,398173,+,-571,3.096938775510204,Eth
692,TEC1,chr2,398173,+,-571,2.35632183908046,Glu
693,YBR085C-A,chr2,409363,-,-548,2.628205128205128,Eth
694,FES1,chr2,432663,-,-177,2.021276595744681,Eth
695,TEF2,chr2,464656,+,-759,2.1893491124260356,Glu
696,TKL2,chr2,464656,-,-412,2.1893491124260356,Glu
697,TEF2,chr2,465229,+,-186,2.1595744680851063,Eth
698,TKL2,chr2,465229,-,-985,2.1595744680851063,Eth
699,CKS1,chr2,492420,+,-95,3.5,Ana
700,CKS1,chr2,492420,+,-95,4.935643564356436,Eth
701,CKS1,chr2,492420,+,-95,4.9704142011834325,Glu
702,MEC1,chr2,492420,+,-952,3.5,Ana
703,MEC1,chr2,492420,+,-952,4.935643564356436,Eth
704,MEC1,chr2,492420,+,-952,4.9704142011834325,Glu
705,HSL7,chr2,492420,-,-258,3.5,Ana
706,HSL7,chr2,492420,-,-258,4.935643564356436,Eth
707,HSL7,chr2,492420,-,-258,4.9704142011834325,Glu
708,ADH5,chr2,521339,+,-137,6.734939759036144,Ana
709,ADH5,chr2,521339,+,-137,7.888297872340426,Eth
710,ADH5,chr2,521339,+,-137,5.112426035502959,Glu
711,ICS2,chr2,542667,-,-516,2.2180851063829787,Eth
712,AMN1,chr2,543183,+,-858,2.5,Eth
713,AMN1,chr2,543634,+,-407,2.2872340425531914,Eth
714,AMN1,chr2,543634,+,-407,2.053254437869823,Glu
715,YPC1,chr2,583485,+,-305,2.076530612244898,Eth
716,YPC1,chr2,583485,+,-305,2.25,Glu
717,PGI1,chr2,601917,-,-245,10.266666666666667,Ana
718,PGI1,chr2,601917,-,-245,28.86290322580645,Eth
719,PGI1,chr2,601917,-,-245,13.471502590673575,Glu
720,PGI1,chr2,601917,-,-245,2.432692307692308,Nit
721,PGI1,chr2,602076,-,-404,3.0263157894736845,Ana
722,PGI1,chr2,602076,-,-404,7.306451612903225,Eth
723,PGI1,chr2,602076,-,-404,3.457446808510638,Glu
724,YBR197C,chr2,602939,-,658,2.8915662650602405,Ana
725,YBR197C,chr2,602939,-,658,9.834024896265559,Eth
726,YBR197C,chr2,602939,-,658,4.904761904761905,Glu
727,ERV15,chr2,638495,+,-621,2.662162162162162,Ana
728,ERV15,chr2,638495,+,-621,3.882978723404255,Eth
729,SUL1,chr2,782338,+,-364,2.6443298969072164,Eth
730,PHO89,chr2,792402,-,-250,3.10204081632653,Eth
731,PHO89,chr2,792619,-,-467,2.168421052631579,Eth
732,MAL33,chr2,793739,+,-298,2.8031914893617023,Eth
733,GLK1,chr3,50273,+,-116,7.632653061224489,Ana
734,GLK1,chr3,50273,+,-116,26.226562499999996,Eth
735,GLK1,chr3,50273,+,-116,13.449197860962567,Glu
736,GLK1,chr3,50273,+,-116,3.596296296296296,Nit
737,PDI1,chr3,50273,-,-422,7.632653061224489,Ana
738,PDI1,chr3,50273,-,-422,26.226562499999996,Eth
739,PDI1,chr3,50273,-,-422,13.449197860962567,Glu
740,PDI1,chr3,50273,-,-422,3.596296296296296,Nit
741,LSB5,chr3,60914,+,-299,3.4722222222222223,Ana
742,LSB5,chr3,60914,+,-299,2.36144578313253,Glu
743,GRX1,chr3,60914,-,-101,3.4722222222222223,Ana
744,GRX1,chr3,60914,-,-101,2.36144578313253,Glu
745,HIS4,chr3,68259,-,-290,3.2666666666666666,Ana
746,HIS4,chr3,68259,-,-290,19.566406249999996,Eth
747,HIS4,chr3,68259,-,-290,4.283132530120481,Glu
748,CIT2,chr3,127814,-,-277,2.5898437499999996,Eth
749,YCR006C,chr3,127814,-,324,2.5898437499999996,Eth
750,CIT2,chr3,128289,-,-752,2.11328125,Eth
751,YCR006C,chr3,128289,-,-151,2.11328125,Eth
752,PGK1,chr3,142482,+,-373,2.597826086956522,Ana
753,PGK1,chr3,142482,+,-373,4.1875,Eth
754,PGK1,chr3,142482,+,-373,3.9879518072289155,Glu
755,ADP1,chr3,142482,-,-332,2.597826086956522,Ana
756,ADP1,chr3,142482,-,-332,4.1875,Eth
757,ADP1,chr3,142482,-,-332,3.9879518072289155,Glu
758,PGK1,chr3,142575,+,-280,17.624999999999996,Ana
759,PGK1,chr3,142575,+,-280,145.859375,Eth
760,PGK1,chr3,142575,+,-280,52.97590361445783,Glu
761,PGK1,chr3,142575,+,-280,6.133986928104575,Nit
762,ADP1,chr3,142575,-,-425,17.624999999999996,Ana
763,ADP1,chr3,142575,-,-425,145.859375,Eth
764,ADP1,chr3,142575,-,-425,52.97590361445783,Glu
765,ADP1,chr3,142575,-,-425,6.133986928104575,Nit
766,PMP1,chr3,171967,-,-741,2.5859375,Eth
767,RHB1,chr3,176801,-,-619,2.1406249999999996,Eth
768,FMP45,chr4,62278,-,-498,7.320754716981132,Eth
769,FMP45,chr4,62278,-,-498,2.587912087912088,Glu
770,LYS20,chr4,132583,+,-667,2.085227272727273,Glu
771,YDL183C,chr4,132583,-,-840,2.085227272727273,Glu
772,INH1,chr4,134697,+,-240,2.25,Ana
773,INH1,chr4,134697,+,-240,2.3749999999999996,Glu
774,YDL180W,chr4,134697,+,-917,2.25,Ana
775,YDL180W,chr4,134697,+,-917,2.3749999999999996,Glu
776,UGA3,chr4,155913,+,-241,2.465909090909091,Glu
777,GLT1,chr4,155913,-,-425,2.465909090909091,Glu
778,ARF2,chr4,215748,+,-61,2.368421052631579,Ana
779,ARF2,chr4,215748,+,-61,2.169811320754717,Eth
780,ARF2,chr4,215748,+,-61,3.5828877005347595,Glu
781,LYS21,chr4,226786,+,-274,2.368421052631579,Ana
782,LYS21,chr4,226786,+,-274,2.938679245283019,Eth
783,PCL2,chr4,233903,+,-656,2.6551724137931036,Ana
784,PCL2,chr4,233903,+,-656,4.721698113207547,Eth
785,PCL2,chr4,233903,+,-656,5.428571428571429,Glu
786,YDL086W,chr4,301406,+,294,3.2122641509433962,Eth
787,LUC7,chr4,301406,-,-687,3.2122641509433962,Eth
788,MRK1,chr4,314820,-,-320,7.352941176470588,Ana
789,MRK1,chr4,314820,-,-320,7.5754716981132075,Eth
790,MRK1,chr4,314820,-,-320,7.978494623655914,Glu
791,LHP1,chr4,363438,+,-191,2.7159090909090904,Glu
792,SLC1,chr4,363438,-,-119,2.7159090909090904,Glu
793,KNH1,chr4,366150,-,-525,8.465116279069768,Ana
794,KNH1,chr4,366150,-,-525,43.14622641509434,Eth
795,KNH1,chr4,366150,-,-525,14.606741573033707,Glu
796,SIT4,chr4,368745,+,-503,12.080188679245284,Eth
797,SIT4,chr4,368745,+,-503,2.607954545454545,Glu
798,STP4,chr4,368745,-,-784,12.080188679245284,Eth
799,STP4,chr4,368745,-,-784,2.607954545454545,Glu
800,BSC1,chr4,385690,-,-234,2.3157894736842106,Ana
801,MRX9,chr4,404764,-,-90,3.105882352941176,Ana
802,MRX9,chr4,404764,-,-90,2.7784090909090904,Glu
803,DIA3,chr4,410156,-,-617,2.169811320754717,Eth
804,GPD1,chr4,410471,+,-960,32.14150943396226,Eth
805,GPD1,chr4,410471,+,-960,10.380681818181817,Glu
806,DIA3,chr4,410471,-,-932,32.14150943396226,Eth
807,DIA3,chr4,410471,-,-932,10.380681818181817,Glu
808,GPD1,chr4,410715,+,-716,9.069767441860465,Ana
809,GPD1,chr4,410715,+,-716,65.78301886792453,Eth
810,GPD1,chr4,410715,+,-716,17.914772727272727,Glu
811,GPD1,chr4,411080,+,-351,4.977272727272727,Ana
812,GPD1,chr4,411080,+,-351,40.966981132075475,Eth
813,GPD1,chr4,411080,+,-351,13.068181818181817,Glu
814,GPM2,chr4,412953,+,-647,2.5,Eth
815,GPM2,chr4,413400,+,-200,3.1979166666666665,Ana
816,GPM2,chr4,413400,+,-200,13.75,Eth
817,GPM2,chr4,413400,+,-200,5.687499999999999,Glu
818,SNQ2,chr4,464903,+,-341,3.8254716981132075,Eth
819,SNQ2,chr4,464903,+,-341,3.8295454545454546,Glu
820,MRH1,chr4,507182,+,-377,4.1570247933884295,Eth
821,MRH1,chr4,507182,+,-377,2.3465909090909087,Glu
822,LYS14,chr4,511875,-,-144,2.0188679245283017,Eth
823,NRG1,chr4,530670,-,-738,2.0691244239631335,Eth
824,NRG1,chr4,530670,-,-738,2.3858695652173916,Glu
825,TPI1,chr4,542971,-,-241,10.657894736842106,Ana
826,TPI1,chr4,542971,-,-241,55.08305647840531,Eth
827,TPI1,chr4,542971,-,-241,20.16528925619835,Glu
828,TPI1,chr4,542971,-,-241,2.5588235294117645,Nit
829,PST1,chr4,548897,+,-793,2.1315789473684212,Ana
830,PST1,chr4,548897,+,-793,3.3443396226415096,Eth
831,PST1,chr4,548897,+,-793,3.0170454545454546,Glu
832,CDC34,chr4,548897,-,-199,2.1315789473684212,Ana
833,CDC34,chr4,548897,-,-199,3.3443396226415096,Eth
834,CDC34,chr4,548897,-,-199,3.0170454545454546,Glu
835,YDR061W,chr4,560226,+,-140,2.9339622641509435,Eth
836,YDR061W,chr4,560226,+,-140,2.625,Glu
837,SNF11,chr4,578057,+,-534,6.5432098765432105,Ana
838,SNF11,chr4,578057,+,-534,5.25,Glu
839,IPT1,chr4,578057,-,-359,6.5432098765432105,Ana
840,IPT1,chr4,578057,-,-359,5.25,Glu
841,SNF11,chr4,578064,+,-527,9.519650655021834,Eth
842,IPT1,chr4,578064,-,-366,9.519650655021834,Eth
843,SNF11,chr4,578604,+,13,2.7752293577981653,Eth
844,SNF11,chr4,578604,+,13,2.524271844660194,Glu
845,IPT1,chr4,578604,-,-906,2.7752293577981653,Eth
846,IPT1,chr4,578604,-,-906,2.524271844660194,Glu
847,SED1,chr4,586197,+,-781,2.660377358490566,Eth
848,AFR1,chr4,602771,-,-334,2.155660377358491,Eth
849,SSS1,chr4,602771,-,668,2.155660377358491,Eth
850,GIS1,chr4,622289,+,-642,4.429245283018869,Eth
851,GIS1,chr4,622542,+,-389,2.6933962264150946,Eth
852,GRX3,chr4,631193,-,-146,2.8481675392670156,Glu
853,ALT2,chr4,659707,-,-511,2.3552631578947367,Ana
854,ALT2,chr4,659707,-,-511,4.839622641509433,Eth
855,ALT2,chr4,659707,-,-511,5.767045454545454,Glu
856,HST4,chr4,821742,+,-200,2.0340909090909087,Glu
857,RVB1,chr4,821742,-,-37,2.0340909090909087,Glu
858,ADR1,chr4,873816,+,-310,2.518867924528302,Eth
859,HEM1,chr4,906805,+,32,5.0754716981132075,Eth
860,HEM1,chr4,906805,+,32,3.3124999999999996,Glu
861,COX20,chr4,906805,-,-298,5.0754716981132075,Eth
862,COX20,chr4,906805,-,-298,3.3124999999999996,Glu
863,LYS4,chr4,910190,+,-491,3.6462264150943398,Eth
864,RTN1,chr4,910190,-,-193,3.6462264150943398,Eth
865,TRS23,chr4,934793,+,937,4.148148148148149,Ana
866,TRS23,chr4,934793,+,937,18.672897196261683,Eth
867,TRS23,chr4,934793,+,937,8.375,Glu
868,VHS1,chr4,934793,+,-445,4.148148148148149,Ana
869,VHS1,chr4,934793,+,-445,18.672897196261683,Eth
870,VHS1,chr4,934793,+,-445,8.375,Glu
871,VHS1,chr4,934895,+,-343,4.530232558139535,Eth
872,VHS1,chr4,934895,+,-343,2.1193181818181817,Glu
873,CHL4,chr4,944514,+,-126,2.4342105263157894,Ana
874,MET32,chr4,944514,-,-209,2.4342105263157894,Ana
875,YAP6,chr4,956273,-,-706,5.8157894736842115,Ana
876,YAP6,chr4,956273,-,-706,3.2943548387096775,Eth
877,YAP6,chr4,956273,-,-706,5.841346153846153,Glu
878,SWM1,chr4,956273,-,566,5.8157894736842115,Ana
879,SWM1,chr4,956273,-,566,3.2943548387096775,Eth
880,SWM1,chr4,956273,-,566,5.841346153846153,Glu
881,YAP6,chr4,956346,-,-779,6.956349206349207,Eth
882,SWM1,chr4,956346,-,493,6.956349206349207,Eth
883,YDR262W,chr4,972119,+,-407,2.723684210526316,Ana
884,YDR262W,chr4,972119,+,-407,2.768867924528302,Eth
885,YDR262W,chr4,972119,+,-407,2.1818181818181817,Glu
886,PMP3,chr4,993521,-,-434,3.572614107883817,Eth
887,CFT1,chr4,1042323,+,-373,2.1193181818181817,Glu
888,PRO1,chr4,1042323,-,-97,2.1193181818181817,Glu
889,HXT6,chr4,1141362,-,-547,3.618421052631579,Ana
890,HXT6,chr4,1141362,-,-547,3.740566037735849,Eth
891,HXT6,chr4,1141362,-,-547,2.3579545454545454,Glu
892,ESF1,chr4,1186121,-,-287,2.368421052631579,Ana
893,KEI1,chr4,1193111,+,933,3.3157894736842106,Ana
894,KEI1,chr4,1193111,+,933,3.028301886792453,Eth
895,KEI1,chr4,1193111,+,933,3.789772727272727,Glu
896,YPR1,chr4,1193111,+,-128,3.3157894736842106,Ana
897,YPR1,chr4,1193111,+,-128,3.028301886792453,Eth
898,YPR1,chr4,1193111,+,-128,3.789772727272727,Glu
899,EFT2,chr4,1221868,+,-693,6.839622641509434,Eth
900,EFT2,chr4,1221868,+,-693,2.465909090909091,Glu
901,ATO3,chr4,1221868,-,-384,6.839622641509434,Eth
902,ATO3,chr4,1221868,-,-384,2.465909090909091,Glu
903,HPT1,chr4,1250312,+,930,2.1052631578947367,Ana
904,HPT1,chr4,1250312,+,930,2.6226415094339623,Eth
905,HPT1,chr4,1250312,+,930,2.4245810055865924,Glu
906,URH1,chr4,1250312,+,-114,2.1052631578947367,Ana
907,URH1,chr4,1250312,+,-114,2.6226415094339623,Eth
908,URH1,chr4,1250312,+,-114,2.4245810055865924,Glu
909,SIZ1,chr4,1268456,+,-294,2.169811320754717,Eth
910,SIZ1,chr4,1268456,+,-294,3.1249999999999996,Glu
911,ADE8,chr4,1268456,-,-168,2.169811320754717,Eth
912,ADE8,chr4,1268456,-,-168,3.1249999999999996,Glu
913,SIZ1,chr4,1268691,+,-59,3.736842105263158,Ana
914,SIZ1,chr4,1268691,+,-59,3.066037735849057,Eth
915,SIZ1,chr4,1268691,+,-59,3.693181818181818,Glu
916,ADE8,chr4,1268691,-,-403,3.736842105263158,Ana
917,ADE8,chr4,1268691,-,-403,3.066037735849057,Eth
918,ADE8,chr4,1268691,-,-403,3.693181818181818,Glu
919,PPN1,chr4,1341642,+,-275,2.3157894736842106,Ana
920,YHP1,chr4,1341642,-,-210,2.3157894736842106,Ana
921,SMT3,chr4,1448327,+,-177,2.8051948051948052,Ana
922,SMT3,chr4,1448327,+,-177,3.0330188679245285,Eth
923,SMT3,chr4,1448327,+,-177,4.389473684210526,Glu
924,SDH7,chr4,1448327,+,-854,2.8051948051948052,Ana
925,SDH7,chr4,1448327,+,-854,3.0330188679245285,Eth
926,SDH7,chr4,1448327,+,-854,4.389473684210526,Glu
927,GNP1,chr4,1448327,-,-650,2.8051948051948052,Ana
928,GNP1,chr4,1448327,-,-650,3.0330188679245285,Eth
929,GNP1,chr4,1448327,-,-650,4.389473684210526,Glu
930,GRH1,chr4,1455956,+,-399,2.473684210526316,Ana
931,EMI2,chr4,1455956,-,-235,2.473684210526316,Ana
932,STL1,chr4,1485997,+,-968,2.556603773584906,Eth
933,STL1,chr4,1486433,+,-532,2.407725321888412,Eth
934,RMD6,chr5,14783,+,-207,2.030456852791878,Eth
935,RMD6,chr5,14783,+,-207,2.7471264367816093,Glu
936,IES6,chr5,70248,+,-463,2.4675324675324677,Ana
937,IES6,chr5,70248,+,-463,5.375634517766498,Eth
938,IES6,chr5,70248,+,-463,3.505747126436782,Glu
939,GLY1,chr5,70248,-,-396,2.4675324675324677,Ana
940,GLY1,chr5,70248,-,-396,5.375634517766498,Eth
941,GLY1,chr5,70248,-,-396,3.505747126436782,Glu
942,GTT3,chr5,124174,+,-355,2.233502538071066,Eth
943,PMP2,chr5,124174,-,-284,2.233502538071066,Eth
944,FMP52,chr5,160215,+,-259,2.8045977011494254,Glu
945,PMI40,chr5,160215,-,-151,2.8045977011494254,Glu
946,HOM3,chr5,258919,-,-356,2.5974025974025974,Ana
947,PIC2,chr5,260801,-,-540,2.243523316062176,Glu
948,YER053C-A,chr5,260801,-,829,2.243523316062176,Glu
949,YER053C-A,chr5,262558,-,-928,3.811965811965812,Eth
950,HIS1,chr5,266715,-,-305,3.0444444444444443,Ana
951,HIS1,chr5,266715,-,-305,3.1584158415841586,Eth
952,HIS1,chr5,266715,-,-305,2.183760683760684,Glu
953,PET117,chr5,271813,+,-445,2.71264367816092,Glu
954,HMF1,chr5,271813,-,-131,2.71264367816092,Glu
955,THO1,chr5,281446,+,-713,4.818181818181818,Ana
956,THO1,chr5,281446,+,-713,3.1116751269035534,Eth
957,THO1,chr5,281446,+,-713,2.959770114942529,Glu
958,GPP2,chr5,281446,-,-196,4.818181818181818,Ana
959,GPP2,chr5,281446,-,-196,3.1116751269035534,Eth
960,GPP2,chr5,281446,-,-196,2.959770114942529,Glu
961,THO1,chr5,281523,+,-636,5.314720812182742,Eth
962,THO1,chr5,281523,+,-636,3.005747126436782,Glu
963,GPP2,chr5,281523,-,-273,5.314720812182742,Eth
964,GPP2,chr5,281523,-,-273,3.005747126436782,Glu
965,RGI1,chr5,292087,+,-385,2.5731707317073176,Ana
966,RGI1,chr5,292087,+,-385,7.106598984771574,Eth
967,RGI1,chr5,292087,+,-385,3.1149425287356327,Glu
968,RNR1,chr5,298842,+,-549,2.1065989847715736,Eth
969,RNR1,chr5,298842,+,-549,2.028735632183908,Glu
970,PTP3,chr5,312150,-,-347,3.2375,Ana
971,PTP3,chr5,312150,-,-347,15.269035532994925,Eth
972,PTP3,chr5,312150,-,-347,6.649425287356323,Glu
973,IES5,chr5,343500,+,-113,5.753246753246753,Ana
974,IES5,chr5,343500,+,-113,2.642857142857143,Eth
975,IES5,chr5,343500,+,-113,4.804469273743017,Glu
976,MET6,chr5,343500,-,-467,5.753246753246753,Ana
977,MET6,chr5,343500,-,-467,2.642857142857143,Eth
978,MET6,chr5,343500,-,-467,4.804469273743017,Glu
979,GDI1,chr5,439600,+,-80,2.9696969696969693,Eth
980,YER137C,chr5,442541,-,-517,2.5324675324675323,Ana
981,YER137C,chr5,442541,-,-517,3.1776649746192893,Eth
982,LSM5,chr5,456154,+,-646,2.064935064935065,Eth
983,FTR1,chr5,456154,-,-116,2.064935064935065,Eth
984,LSM5,chr5,456448,+,-352,2.959821428571429,Eth
985,FTR1,chr5,456448,-,-410,2.959821428571429,Eth
986,YER158C,chr5,485517,-,-479,4.807106598984772,Eth
987,YER158C,chr5,485517,-,-479,2.0632183908045976,Glu
988,BUR6,chr5,485517,-,874,4.807106598984772,Eth
989,BUR6,chr5,485517,-,874,2.0632183908045976,Glu
990,BUR6,chr5,486430,-,-39,2.818181818181818,Ana
991,BUR6,chr5,486430,-,-39,2.700507614213198,Eth
992,BUR6,chr5,486430,-,-39,3.4367816091954024,Glu
993,BMH1,chr5,539103,+,-358,7.108433734939759,Ana
994,BMH1,chr5,539103,+,-358,12.66161616161616,Eth
995,BMH1,chr5,539103,+,-358,7.028735632183908,Glu
996,BMH1,chr5,539316,+,-145,14.076142131979697,Eth
997,BMH1,chr5,539316,+,-145,4.885057471264369,Glu
998,BMH1,chr5,539653,+,192,2.385786802030457,Eth
999,YER188W,chr5,561679,+,-239,2.3756345177664975,Eth
1000,BUD27,chr6,91241,+,-359,2.5714285714285716,Ana
1001,BUD27,chr6,91241,+,-359,2.4352331606217614,Eth
1002,BUD27,chr6,91241,+,-359,2.342857142857143,Glu
1003,EPL1,chr6,91241,-,46,2.5714285714285716,Ana
1004,EPL1,chr6,91241,-,46,2.4352331606217614,Eth
1005,EPL1,chr6,91241,-,46,2.342857142857143,Glu
1006,GAT1,chr6,96318,+,-515,2.0267379679144386,Eth
1007,FRS2,chr6,96318,-,-444,2.0267379679144386,Eth
1008,HSP12,chr6,107462,+,-514,4.66321243523316,Eth
1009,HSP12,chr6,107462,+,-514,2.303370786516854,Glu
1010,MDJ1,chr6,107462,-,-414,4.66321243523316,Eth
1011,MDJ1,chr6,107462,-,-414,2.303370786516854,Glu
1012,HIS2,chr6,206765,-,84,2.139393939393939,Glu
1013,MET10,chr6,215082,+,-190,2.0277777777777777,Ana
1014,MET10,chr6,215082,+,-190,2.0807453416149064,Glu
1015,HXK1,chr6,257532,-,-377,3.7185628742514973,Eth
1016,HXK1,chr6,257532,-,-377,3.3416149068322976,Glu
1017,HXK1,chr6,258040,-,-885,4.569767441860465,Ana
1018,HXK1,chr6,258040,-,-885,2.682634730538922,Eth
1019,HXK1,chr6,258040,-,-885,7.315151515151515,Glu
1020,IRC7,chr6,265350,+,-831,2.085714285714286,Ana
1021,IRC7,chr6,265350,+,-831,2.120879120879121,Glu
1022,ADH4,chr7,20896,+,-80,3.3333333333333335,Ana
1023,ADH4,chr7,20896,+,-80,2.3045977011494254,Glu
1024,MNT2,chr7,20896,-,-323,3.3333333333333335,Ana
1025,MNT2,chr7,20896,-,-323,2.3045977011494254,Glu
1026,ZRT1,chr7,26722,+,-541,3.8423423423423424,Eth
1027,ZRT1,chr7,26722,+,-541,2.206896551724138,Glu
1028,FZF1,chr7,29599,+,980,2.893333333333333,Ana
1029,FZF1,chr7,29599,+,980,2.585585585585586,Eth
1030,FZF1,chr7,29599,+,980,3.7471264367816097,Glu
1031,HXK2,chr7,29599,+,-616,2.893333333333333,Ana
1032,HXK2,chr7,29599,+,-616,2.585585585585586,Eth
1033,HXK2,chr7,29599,+,-616,3.7471264367816097,Glu
1034,HXK2,chr7,30059,+,-156,4.4,Ana
1035,HXK2,chr7,30059,+,-156,6.166666666666667,Eth
1036,HXK2,chr7,30059,+,-156,7.005747126436782,Glu
1037,MTC3,chr7,80375,+,685,2.8,Ana
1038,MTC3,chr7,80375,+,685,2.72972972972973,Eth
1039,OST5,chr7,80375,-,-836,2.8,Ana
1040,OST5,chr7,80375,-,-836,2.72972972972973,Eth
1041,SPT16,chr7,110993,+,-108,2.92,Ana
1042,SPT16,chr7,110993,+,-108,3.8448275862068972,Glu
1043,COX4,chr7,169249,-,-131,3.3733333333333335,Ana
1044,COX4,chr7,169249,-,-131,3.278409090909091,Glu
1045,STR3,chr7,174919,-,-360,2.6666666666666665,Ana
1046,MPT5,chr7,184400,+,-985,4.238738738738738,Eth
1047,MPT5,chr7,184400,+,-985,2.110497237569061,Glu
1048,TOS3,chr7,184400,-,165,4.238738738738738,Eth
1049,TOS3,chr7,184400,-,165,2.110497237569061,Glu
1050,RAD54,chr7,215385,-,-410,4.658823529411765,Ana
1051,SUT1,chr7,215953,+,-451,2.204545454545454,Ana
1052,SUT1,chr7,215953,+,-451,3.225225225225225,Eth
1053,RAD54,chr7,215953,-,-978,2.204545454545454,Ana
1054,RAD54,chr7,215953,-,-978,3.225225225225225,Eth
1055,SCS3,chr7,289696,+,625,4.342342342342342,Eth
1056,MET13,chr7,289696,+,-783,4.342342342342342,Eth
1057,SOH1,chr7,289696,-,-794,4.342342342342342,Eth
1058,SCS3,chr7,290022,+,951,2.9466666666666668,Ana
1059,SCS3,chr7,290022,+,951,3.8558558558558556,Eth
1060,SCS3,chr7,290022,+,951,3.431034482758621,Glu
1061,MET13,chr7,290022,+,-457,2.9466666666666668,Ana
1062,MET13,chr7,290022,+,-457,3.8558558558558556,Eth
1063,MET13,chr7,290022,+,-457,3.431034482758621,Glu
1064,SNF4,chr7,309870,+,-136,2.24,Ana
1065,SNF4,chr7,309870,+,-136,3.0574712643678166,Glu
1066,TOS8,chr7,342749,+,-607,2.4639639639639643,Eth
1067,PYC1,chr7,402810,+,-268,3.0225225225225225,Eth
1068,OLE1,chr7,416121,+,-357,10.54054054054054,Eth
1069,OLE1,chr7,416121,+,-357,2.8670212765957444,Glu
1070,SDS23,chr7,416121,-,-527,10.54054054054054,Eth
1071,SDS23,chr7,416121,-,-527,2.8670212765957444,Glu
1072,ERV14,chr7,419465,-,-212,2.0517241379310347,Glu
1073,RIM8,chr7,431325,+,-625,5.6441441441441444,Eth
1074,RIM8,chr7,431325,+,-625,2.264367816091954,Glu
1075,YGL036W,chr7,446133,+,-294,3.466666666666667,Ana
1076,YGL036W,chr7,446133,+,-294,4.009009009009009,Eth
1077,YGL036W,chr7,446133,+,-294,4.680000000000001,Glu
1078,PNC1,chr7,446133,-,-209,3.466666666666667,Ana
1079,PNC1,chr7,446133,-,-209,4.009009009009009,Eth
1080,PNC1,chr7,446133,-,-209,4.680000000000001,Glu
1081,MIG1,chr7,451267,-,-204,2.0855855855855854,Eth
1082,MIG1,chr7,451267,-,-204,2.3537735849056602,Glu
1083,HOP2,chr7,455056,+,970,2.13302752293578,Glu
1084,AGA2,chr7,455056,-,-273,2.13302752293578,Glu
1085,ERG26,chr7,514181,-,214,2.1264367816091956,Glu
1086,YGR016W,chr7,539806,+,-312,2.6436781609195403,Glu
1087,EAT1,chr7,539806,-,169,2.6436781609195403,Glu
1088,RPS25A,chr7,553701,-,-901,2.32,Ana
1089,RPS25A,chr7,553701,-,-901,2.6441441441441444,Eth
1090,GSC2,chr7,565334,+,-463,2.3908045977011496,Ana
1091,GSC2,chr7,565334,+,-463,3.5585585585585586,Eth
1092,GSC2,chr7,565334,+,-463,2.6500000000000004,Glu
1093,FMP48,chr7,616325,+,-695,2.6755555555555555,Eth
1094,ERG25,chr7,633484,+,-592,2.207792207792208,Ana
1095,ERG25,chr7,633484,+,-592,2.0114942528735633,Glu
1096,YGR067C,chr7,649024,-,-587,4.933333333333334,Ana
1097,YGR067C,chr7,649024,-,-587,29.786324786324787,Eth
1098,YGR067C,chr7,649024,-,-587,9.073298429319372,Glu
1099,YGR067C,chr7,649203,-,-766,5.829787234042553,Eth
1100,ART5,chr7,649720,-,951,2.3628691983122363,Eth
1101,YGR079W,chr7,664129,+,-189,4.36,Ana
1102,YGR079W,chr7,664129,+,-189,4.155172413793103,Glu
1103,PAC10,chr7,664129,-,-197,4.36,Ana
1104,PAC10,chr7,664129,-,-197,4.155172413793103,Glu
1105,PIL1,chr7,674411,-,-173,2.6486486486486487,Eth
1106,PDC6,chr7,676857,-,-328,2.528735632183908,Glu
1107,CTT1,chr7,677630,+,-488,3.396396396396397,Eth
1108,CTT1,chr7,677630,+,-488,2.206896551724138,Glu
1109,ASK10,chr7,701455,+,-700,2.936936936936937,Eth
1110,ASK10,chr7,701455,+,-700,3.327586206896552,Glu
1111,ECL1,chr7,809218,-,-610,5.072072072072072,Eth
1112,YGR161W-C,chr7,833384,+,-244,3.013100436681223,Eth
1113,RTS3,chr7,833384,-,-438,3.013100436681223,Eth
1114,TIF4631,chr7,849808,+,-508,2.4,Ana
1115,RBG2,chr7,869826,+,-277,2.5,Glu
1116,MSM1,chr7,869826,-,-959,2.5,Glu
1117,YIP1,chr7,869826,-,95,2.5,Glu
1118,RNR4,chr7,883105,-,-495,6.797297297297297,Eth
1119,RNR4,chr7,883393,-,-783,3.4279279279279278,Eth
1120,HIP1,chr7,906332,+,-169,5.5131578947368425,Eth
1121,HIP1,chr7,906332,+,-169,4.028735632183908,Glu
1122,TDH3,chr7,910406,-,-275,17.319587628865982,Ana
1123,TDH3,chr7,910406,-,-275,117.15283842794761,Eth
1124,TDH3,chr7,910406,-,-275,43.52972972972973,Glu
1125,TDH3,chr7,910406,-,-275,5.854447439353099,Nit
1126,TDH3,chr7,910713,-,-582,2.022421524663677,Eth
1127,YCH1,chr7,931598,+,90,2.3513513513513518,Eth
1128,ADE3,chr7,931598,+,-587,2.3513513513513518,Eth
1129,PCT1,chr7,931598,-,-554,2.3513513513513518,Eth
1130,YHB1,chr7,985392,+,-760,3.0810810810810816,Eth
1131,PHO81,chr7,985392,-,-690,3.0810810810810816,Eth
1132,PFK1,chr7,1000586,-,-351,2.64,Ana
1133,PFK1,chr7,1000586,-,-351,14.626126126126126,Eth
1134,PFK1,chr7,1000586,-,-351,5.868571428571428,Glu
1135,PFK1,chr7,1000678,-,-443,3.3466666666666667,Ana
1136,PFK1,chr7,1000678,-,-443,15.518018018018019,Eth
1137,PFK1,chr7,1000678,-,-443,6.344827586206898,Glu
1138,MPC3,chr7,1003375,+,-134,2.12,Ana
1139,MPC3,chr7,1003375,+,-134,3.536036036036036,Eth
1140,YAP1802,chr7,1003375,-,-386,2.12,Ana
1141,YAP1802,chr7,1003375,-,-386,3.536036036036036,Eth
1142,RIE1,chr7,1020456,-,-478,4.076576576576577,Eth
1143,RIE1,chr7,1020456,-,-478,2.1494252873563218,Glu
1144,ENO1,chr7,1026537,+,-609,3.5930232558139537,Ana
1145,ENO1,chr7,1026537,+,-609,23.703703703703706,Eth
1146,ENO1,chr7,1026537,+,-609,6.990049751243781,Glu
1147,ENO1,chr7,1026833,+,-313,10.253012048192769,Ana
1148,ENO1,chr7,1026833,+,-313,78.35016835016835,Eth
1149,ENO1,chr7,1026833,+,-313,30.66831683168317,Glu
1150,ENO1,chr7,1026833,+,-313,5.612307692307692,Nit
1151,TNA1,chr7,1038234,+,-301,2.927927927927928,Eth
1152,TNA1,chr7,1038234,+,-301,2.528089887640449,Glu
1153,MUP3,chr8,22940,+,-167,2.4519230769230766,Eth
1154,MUP3,chr8,22940,+,-167,3.35,Glu
1155,CBP2,chr8,22940,-,-500,2.4519230769230766,Eth
1156,CBP2,chr8,22940,-,-500,3.35,Glu
1157,SBP1,chr8,31727,-,-643,2.3000000000000003,Eth
1158,RIM4,chr8,53023,+,-366,5.826315789473685,Eth
1159,RIM4,chr8,53023,+,-366,2.269430051813471,Glu
1160,ERG11,chr8,113162,-,-783,2.5301204819277108,Ana
1161,ERG11,chr8,113162,-,-783,2.1097560975609757,Glu
1162,YHR033W,chr8,171780,+,-264,2.5,Eth
1163,NCP1,chr8,186768,+,-240,2.898550724637681,Ana
1164,YHR045W,chr8,191595,+,-324,2.2842105263157895,Eth
1165,YHR045W,chr8,191595,+,-324,2.04375,Glu
1166,DOG1,chr8,191595,-,-238,2.2842105263157895,Eth
1167,DOG1,chr8,191595,-,-238,2.04375,Glu
1168,INM1,chr8,195014,-,-155,3.9210526315789473,Eth
1169,DYS1,chr8,232400,+,-138,2.884210526315789,Eth
1170,DYS1,chr8,232400,+,-138,2.51875,Glu
1171,HXT5,chr8,297454,-,-469,3.283720930232558,Eth
1172,MPC2,chr8,423065,+,-185,3.810526315789474,Eth
1173,MPC2,chr8,423065,+,-185,2.39375,Glu
1174,YAP1801,chr8,423065,-,-283,3.810526315789474,Eth
1175,YAP1801,chr8,423065,-,-283,2.39375,Glu
1176,ENO2,chr8,451336,+,-319,12.81081081081081,Ana
1177,ENO2,chr8,451336,+,-319,65.33928571428571,Eth
1178,ENO2,chr8,451336,+,-319,24.922619047619047,Glu
1179,ENO2,chr8,451336,+,-319,2.2515337423312882,Nit
1180,OYE2,chr8,462523,+,-296,3.6842105263157894,Eth
1181,OYE2,chr8,462523,+,-296,2.40625,Glu
1182,MNL1,chr8,506123,+,-499,3.7681159420289854,Ana
1183,MNL1,chr8,506123,+,-499,2.110526315789474,Eth
1184,MNL1,chr8,506123,+,-499,2.64375,Glu
1185,RPS4B,chr8,506123,-,-204,3.7681159420289854,Ana
1186,RPS4B,chr8,506123,-,-204,2.110526315789474,Eth
1187,RPS4B,chr8,506123,-,-204,2.64375,Glu
1188,YHR214W,chr8,541443,+,-417,3.0,Eth
1189,SUC2,chr9,30869,+,-777,5.797979797979798,Eth
1190,SUC2,chr9,30869,+,-777,2.2732919254658386,Glu
1191,RRD1,chr9,48628,+,-838,2.2525252525252526,Eth
1192,GUT2,chr9,48628,-,-575,2.2525252525252526,Eth
1193,IMP2',chr9,48628,-,719,2.2525252525252526,Eth
1194,FLX1,chr9,90835,+,-790,2.1097560975609757,Ana
1195,VHS2,chr9,90835,-,-110,2.1097560975609757,Ana
1196,VHR1,chr9,237343,+,-688,2.8800000000000003,Ana
1197,VHR1,chr9,237343,+,-688,7.4126213592233,Eth
1198,VHR1,chr9,237343,+,-688,2.402439024390244,Glu
1199,RGI2,chr9,237343,-,-532,2.8800000000000003,Ana
1200,RGI2,chr9,237343,-,-532,7.4126213592233,Eth
1201,RGI2,chr9,237343,-,-532,2.402439024390244,Glu
1202,VHR1,chr9,237665,+,-366,2.1690140845070425,Ana
1203,VHR1,chr9,237665,+,-366,12.514705882352942,Eth
1204,VHR1,chr9,237665,+,-366,2.6547619047619047,Glu
1205,RGI2,chr9,237665,-,-854,2.1690140845070425,Ana
1206,RGI2,chr9,237665,-,-854,12.514705882352942,Eth
1207,RGI2,chr9,237665,-,-854,2.6547619047619047,Glu
1208,VHR1,chr9,238024,+,-7,2.6231155778894477,Eth
1209,GPP1,chr9,242777,+,-632,6.277777777777778,Ana
1210,GPP1,chr9,242777,+,-632,49.97058823529412,Eth
1211,GPP1,chr9,242777,+,-632,13.182857142857141,Glu
1212,GPP1,chr9,242777,+,-632,2.2733564013840835,Nit
1213,YIL055C,chr9,242777,-,-474,6.277777777777778,Ana
1214,YIL055C,chr9,242777,-,-474,49.97058823529412,Eth
1215,YIL055C,chr9,242777,-,-474,13.182857142857141,Glu
1216,YIL055C,chr9,242777,-,-474,2.2733564013840835,Nit
1217,GPP1,chr9,243042,+,-367,3.0126582278481013,Ana
1218,GPP1,chr9,243042,+,-367,49.44660194174757,Eth
1219,GPP1,chr9,243042,+,-367,6.217877094972067,Glu
1220,YIL055C,chr9,243042,-,-739,3.0126582278481013,Ana
1221,YIL055C,chr9,243042,-,-739,49.44660194174757,Eth
1222,YIL055C,chr9,243042,-,-739,6.217877094972067,Glu
1223,GPP1,chr9,243279,+,-130,3.8684210526315788,Eth
1224,YIL055C,chr9,243279,-,-976,3.8684210526315788,Eth
1225,MET30,chr9,256476,+,-466,2.1971830985915495,Ana
1226,MET30,chr9,256476,+,-466,2.1801242236024843,Glu
1227,SYG1,chr9,256476,-,118,2.1971830985915495,Ana
1228,SYG1,chr9,256476,-,118,2.1801242236024843,Glu
1229,EMC5,chr9,291775,-,693,2.308641975308642,Ana
1230,IRR1,chr9,296561,-,-284,2.4657534246575343,Ana
1231,YIL024C,chr9,296561,-,983,2.4657534246575343,Ana
1232,YAP5,chr9,378141,+,-665,2.3484848484848486,Eth
1233,MET28,chr9,378141,-,190,2.3484848484848486,Eth
1234,YAP5,chr9,378402,+,-404,4.065656565656566,Eth
1235,YAP5,chr9,378402,+,-404,2.314432989690722,Glu
1236,MET28,chr9,378402,-,-71,4.065656565656566,Eth
1237,MET28,chr9,378402,-,-71,2.314432989690722,Glu
1238,GTT1,chr9,419378,-,-664,2.3544303797468356,Ana
1239,GTT1,chr9,419378,-,-664,2.080808080808081,Eth
1240,GTT1,chr9,419378,-,-664,2.7577639751552794,Glu
1241,GTT1,chr9,419670,-,-956,2.2168674698795177,Ana
1242,GTT1,chr9,419670,-,-956,2.0869565217391304,Glu
